corpus,problem,cap,gen,mean_K,mean_nodes,K_max
operon,feynman/I.12.1,32,0,6.505,23.193,15
operon,feynman/I.12.1,32,1,5.84,20.067,15
operon,feynman/I.12.1,32,2,6.136,20.471,15
operon,feynman/I.12.1,32,4,7.78,26.213,16
operon,feynman/I.12.1,32,8,6.002,20.033,16
operon,feynman/I.12.1,32,16,6.953,23.707,16
operon,feynman/I.12.1,32,32,7.379,25.62,16
operon,feynman/I.12.1,32,64,6.044,21.233,16
operon,feynman/I.12.1,32,100,6.667,22.85,16
evogp,feynman/I.12.1,32,0,1.715,6.955,7
evogp,feynman/I.12.1,32,1,1.424,5.705,9
evogp,feynman/I.12.1,32,2,1.575,7.132,11
evogp,feynman/I.12.1,32,4,2.042,10.338,9
evogp,feynman/I.12.1,32,8,2.457,16.117,12
evogp,feynman/I.12.1,32,16,2.542,22.253,11
evogp,feynman/I.12.1,32,32,2.746,21.403,11
evogp,feynman/I.12.1,32,64,1.089,26.621,7
evogp,feynman/I.12.1,32,100,1.029,26.649,7
operon,feynman/I.18.12,32,0,6.505,23.193,15
operon,feynman/I.18.12,32,1,6.13,21.719,15
operon,feynman/I.18.12,32,2,5.818,20.152,15
operon,feynman/I.18.12,32,4,5.931,20.417,15
operon,feynman/I.18.12,32,8,6.626,23.707,14
operon,feynman/I.18.12,32,16,9.108,32.933,15
operon,feynman/I.18.12,32,32,9.411,32.823,15
operon,feynman/I.18.12,32,64,10.198,34.599,15
operon,feynman/I.18.12,32,100,10.172,34.923,15
evogp,feynman/I.18.12,32,0,1.715,6.955,7
evogp,feynman/I.18.12,32,1,1.565,5.693,10
evogp,feynman/I.18.12,32,2,1.762,6.179,8
evogp,feynman/I.18.12,32,4,2.449,9.998,10
evogp,feynman/I.18.12,32,8,3.364,18.096,10
evogp,feynman/I.18.12,32,16,3.595,22.237,10
evogp,feynman/I.18.12,32,32,2.977,21.14,9
evogp,feynman/I.18.12,32,64,3.086,21.156,10
evogp,feynman/I.18.12,32,100,3.185,21.314,11
operon,feynman/I.27.6,32,0,6.505,23.193,15
operon,feynman/I.27.6,32,1,5.83,20.013,15
operon,feynman/I.27.6,32,2,5.593,18.714,15
operon,feynman/I.27.6,32,4,7.644,26.147,16
operon,feynman/I.27.6,32,8,9.901,34.448,16
operon,feynman/I.27.6,32,16,10.993,37.975,16
operon,feynman/I.27.6,32,32,10.734,37.91,16
operon,feynman/I.27.6,32,64,10.503,40.338,16
operon,feynman/I.27.6,32,100,10.548,44.524,15
evogp,feynman/I.27.6,32,0,1.715,6.955,7
evogp,feynman/I.27.6,32,1,1.73,6.542,11
evogp,feynman/I.27.6,32,2,1.867,6.772,10
evogp,feynman/I.27.6,32,4,2.027,7.903,10
evogp,feynman/I.27.6,32,8,3.173,15.226,11
evogp,feynman/I.27.6,32,16,5.149,24.468,11
evogp,feynman/I.27.6,32,32,5.652,26.674,10
evogp,feynman/I.27.6,32,64,5.255,27.735,8
evogp,feynman/I.27.6,32,100,5.122,27.897,9
operon,feynman/I.6.2,32,0,6.505,23.193,15
operon,feynman/I.6.2,32,1,6.054,21.152,15
operon,feynman/I.6.2,32,2,5.378,18.244,15
operon,feynman/I.6.2,32,4,5.48,18.353,15
operon,feynman/I.6.2,32,8,9.024,30.931,16
operon,feynman/I.6.2,32,16,10.313,34.757,16
operon,feynman/I.6.2,32,32,9.822,40.165,15
operon,feynman/I.6.2,32,64,9.742,44.287,14
operon,feynman/I.6.2,32,100,9.778,45.601,14
evogp,feynman/I.6.2,32,0,1.715,6.955,7
evogp,feynman/I.6.2,32,1,1.751,6.891,10
evogp,feynman/I.6.2,32,2,2.288,8.168,10
evogp,feynman/I.6.2,32,4,3.117,10.909,12
evogp,feynman/I.6.2,32,8,4.564,17.481,12
evogp,feynman/I.6.2,32,16,6.142,24.659,12
evogp,feynman/I.6.2,32,32,6.806,27.669,11
evogp,feynman/I.6.2,32,64,3.924,27.362,9
evogp,feynman/I.6.2,32,100,2.14,26.294,6
operon,feynman/I.12.2,32,0,6.505,23.193,15
operon,feynman/I.12.2,32,1,5.859,20.182,15
operon,feynman/I.12.2,32,2,5.79,19.417,16
operon,feynman/I.12.2,32,4,7.128,23.666,16
operon,feynman/I.12.2,32,8,10.13,34.414,16
operon,feynman/I.12.2,32,16,10.426,34.823,16
operon,feynman/I.12.2,32,32,11.034,37.353,16
operon,feynman/I.12.2,32,64,10.846,40.547,16
operon,feynman/I.12.2,32,100,11.253,43.181,16
evogp,feynman/I.12.2,32,0,1.715,6.955,7
evogp,feynman/I.12.2,32,1,1.348,5.129,9
evogp,feynman/I.12.2,32,2,1.367,4.762,9
evogp,feynman/I.12.2,32,4,1.979,6.363,11
evogp,feynman/I.12.2,32,8,3.496,14.328,12
evogp,feynman/I.12.2,32,16,5.338,23.981,12
evogp,feynman/I.12.2,32,32,5.94,27.28,10
evogp,feynman/I.12.2,32,64,5.452,26.808,10
evogp,feynman/I.12.2,32,100,5.549,26.949,10
operon,feynman/I.13.12,32,0,6.505,23.193,15
operon,feynman/I.13.12,32,1,6.155,21.415,15
operon,feynman/I.13.12,32,2,5.693,19.095,15
operon,feynman/I.13.12,32,4,6.729,22.517,16
operon,feynman/I.13.12,32,8,8.708,31.002,16
operon,feynman/I.13.12,32,16,10.994,40.333,16
operon,feynman/I.13.12,32,32,11.416,43.244,16
operon,feynman/I.13.12,32,64,11.642,46.585,16
operon,feynman/I.13.12,32,100,10.459,43.587,16
evogp,feynman/I.13.12,32,0,1.715,6.955,7
evogp,feynman/I.13.12,32,1,1.784,6.582,10
evogp,feynman/I.13.12,32,2,2.263,8.15,10
evogp,feynman/I.13.12,32,4,2.873,11.091,12
evogp,feynman/I.13.12,32,8,3.696,17.072,13
evogp,feynman/I.13.12,32,16,4.486,23.321,11
evogp,feynman/I.13.12,32,32,4.172,26.111,8
evogp,feynman/I.13.12,32,64,3.177,27.195,7
evogp,feynman/I.13.12,32,100,3.055,26.877,7
operon,feynman/II.3.24,32,0,6.505,23.193,15
operon,feynman/II.3.24,32,1,5.946,20.542,15
operon,feynman/II.3.24,32,2,6.039,20.269,16
operon,feynman/II.3.24,32,4,7.518,25.151,16
operon,feynman/II.3.24,32,8,9.658,33.283,16
operon,feynman/II.3.24,32,16,9.913,34.644,16
operon,feynman/II.3.24,32,32,9.927,35.676,16
operon,feynman/II.3.24,32,64,10.226,36.605,16
operon,feynman/II.3.24,32,100,10.405,36.863,16
evogp,feynman/II.3.24,32,0,1.715,6.955,7
evogp,feynman/II.3.24,32,1,1.718,6.468,9
evogp,feynman/II.3.24,32,2,1.656,5.918,10
evogp,feynman/II.3.24,32,4,1.887,7.655,9
evogp,feynman/II.3.24,32,8,3.284,16.605,12
evogp,feynman/II.3.24,32,16,3.608,23.255,10
evogp,feynman/II.3.24,32,32,4.13,23.791,11
evogp,feynman/II.3.24,32,64,3.677,23.807,10
evogp,feynman/II.3.24,32,100,3.643,23.354,11
operon,nguyen/1,32,0,6.505,23.127,15
operon,nguyen/1,32,1,5.993,20.776,15
operon,nguyen/1,32,2,6.217,21.283,15
operon,nguyen/1,32,4,7.66,26.192,15
operon,nguyen/1,32,8,8.42,27.488,16
operon,nguyen/1,32,16,9.662,32.515,16
operon,nguyen/1,32,32,8.485,33.883,14
operon,nguyen/1,32,64,8.628,37.284,14
operon,nguyen/1,32,100,8.819,38.276,14
evogp,nguyen/1,32,0,1.715,6.955,7
evogp,nguyen/1,32,1,1.145,5.512,8
evogp,nguyen/1,32,2,0.783,4.505,7
evogp,nguyen/1,32,4,0.993,7.049,9
evogp,nguyen/1,32,8,1.741,14.144,8
evogp,nguyen/1,32,16,2.761,21.418,9
evogp,nguyen/1,32,32,3.388,21.58,10
evogp,nguyen/1,32,64,3.517,21.696,10
evogp,nguyen/1,32,100,3.805,22.971,9
operon,nguyen/2,32,0,6.505,23.127,15
operon,nguyen/2,32,1,6.1,21.305,15
operon,nguyen/2,32,2,6.614,22.88,15
operon,nguyen/2,32,4,7.962,27.509,15
operon,nguyen/2,32,8,9.101,30.88,15
operon,nguyen/2,32,16,8.991,31.352,15
operon,nguyen/2,32,32,9.123,32.468,14
operon,nguyen/2,32,64,9.341,35.459,15
operon,nguyen/2,32,100,9.037,37.196,13
evogp,nguyen/2,32,0,1.715,6.955,7
evogp,nguyen/2,32,1,1.067,5.183,10
evogp,nguyen/2,32,2,0.906,5.186,9
evogp,nguyen/2,32,4,1.478,9.574,9
evogp,nguyen/2,32,8,1.696,14.527,8
evogp,nguyen/2,32,16,1.843,21.359,7
evogp,nguyen/2,32,32,2.317,23.379,9
evogp,nguyen/2,32,64,4.694,23.241,10
evogp,nguyen/2,32,100,2.866,25.121,7
operon,nguyen/3,32,0,6.505,23.127,15
operon,nguyen/3,32,1,6.09,21.196,15
operon,nguyen/3,32,2,6.456,22.3,15
operon,nguyen/3,32,4,7.966,27.7,16
operon,nguyen/3,32,8,8.698,29.207,16
operon,nguyen/3,32,16,9.097,31.842,15
operon,nguyen/3,32,32,9.139,34.324,14
operon,nguyen/3,32,64,8.393,36.032,13
operon,nguyen/3,32,100,8.873,38.682,13
evogp,nguyen/3,32,0,1.715,6.955,7
evogp,nguyen/3,32,1,1.11,5.394,9
evogp,nguyen/3,32,2,0.961,5.364,9
evogp,nguyen/3,32,4,1.36,9.121,9
evogp,nguyen/3,32,8,1.884,16.0,10
evogp,nguyen/3,32,16,2.496,23.665,9
evogp,nguyen/3,32,32,1.808,24.673,6
evogp,nguyen/3,32,64,1.655,24.388,6
evogp,nguyen/3,32,100,1.977,25.198,6
operon,nguyen/4,32,0,6.505,23.127,15
operon,nguyen/4,32,1,6.094,21.325,15
operon,nguyen/4,32,2,6.639,23.084,15
operon,nguyen/4,32,4,8.111,28.253,16
operon,nguyen/4,32,8,9.134,29.202,16
operon,nguyen/4,32,16,9.255,29.701,16
operon,nguyen/4,32,32,8.42,31.163,14
operon,nguyen/4,32,64,7.842,33.403,12
operon,nguyen/4,32,100,8.505,37.45,13
evogp,nguyen/4,32,0,1.715,6.955,7
evogp,nguyen/4,32,1,1.081,5.359,8
evogp,nguyen/4,32,2,1.094,6.198,9
evogp,nguyen/4,32,4,1.764,10.649,9
evogp,nguyen/4,32,8,2.555,18.817,9
evogp,nguyen/4,32,16,2.679,24.582,9
evogp,nguyen/4,32,32,2.368,25.563,8
evogp,nguyen/4,32,64,2.907,27.238,8
evogp,nguyen/4,32,100,2.93,27.09,8
operon,nguyen/5,32,0,6.505,23.127,15
operon,nguyen/5,32,1,6.308,23.104,15
operon,nguyen/5,32,2,5.677,21.362,15
operon,nguyen/5,32,4,5.329,21.355,15
operon,nguyen/5,32,8,6.032,26.114,14
operon,nguyen/5,32,16,5.68,27.003,13
operon,nguyen/5,32,32,5.63,29.726,12
operon,nguyen/5,32,64,6.177,34.789,14
operon,nguyen/5,32,100,6.088,35.732,11
evogp,nguyen/5,32,0,1.715,6.955,7
evogp,nguyen/5,32,1,1.607,6.399,8
evogp,nguyen/5,32,2,1.995,7.166,10
evogp,nguyen/5,32,4,2.307,7.596,12
evogp,nguyen/5,32,8,2.793,9.994,12
evogp,nguyen/5,32,16,5.311,22.133,12
evogp,nguyen/5,32,32,6.968,24.736,12
evogp,nguyen/5,32,64,5.746,26.332,10
evogp,nguyen/5,32,100,5.734,26.342,11
operon,nguyen/6,32,0,6.505,23.127,15
operon,nguyen/6,32,1,5.851,20.24,15
operon,nguyen/6,32,2,5.78,19.569,15
operon,nguyen/6,32,4,6.992,24.138,16
operon,nguyen/6,32,8,7.981,27.785,15
operon,nguyen/6,32,16,8.014,28.037,15
operon,nguyen/6,32,32,9.897,34.89,15
operon,nguyen/6,32,64,11.036,40.19,16
operon,nguyen/6,32,100,11.337,40.908,16
evogp,nguyen/6,32,0,1.715,6.955,7
evogp,nguyen/6,32,1,1.148,5.437,7
evogp,nguyen/6,32,2,0.626,3.85,6
evogp,nguyen/6,32,4,0.884,6.641,6
evogp,nguyen/6,32,8,1.48,12.157,9
evogp,nguyen/6,32,16,2.164,21.582,8
evogp,nguyen/6,32,32,2.181,23.772,8
evogp,nguyen/6,32,64,1.868,27.312,6
evogp,nguyen/6,32,100,0.977,27.584,6
operon,nguyen/7,32,0,6.505,23.127,15
operon,nguyen/7,32,1,5.471,18.65,15
operon,nguyen/7,32,2,4.781,15.592,15
operon,nguyen/7,32,4,5.161,17.174,16
operon,nguyen/7,32,8,8.55,29.953,15
operon,nguyen/7,32,16,9.69,33.58,16
operon,nguyen/7,32,32,9.255,34.996,16
operon,nguyen/7,32,64,9.155,39.885,14
operon,nguyen/7,32,100,9.587,44.623,14
evogp,nguyen/7,32,0,1.715,6.955,7
evogp,nguyen/7,32,1,1.141,4.893,9
evogp,nguyen/7,32,2,0.632,3.374,8
evogp,nguyen/7,32,4,0.878,4.646,9
evogp,nguyen/7,32,8,2.029,11.718,9
evogp,nguyen/7,32,16,3.618,20.64,10
evogp,nguyen/7,32,32,1.898,26.212,6
evogp,nguyen/7,32,64,1.731,26.548,5
evogp,nguyen/7,32,100,1.75,26.889,6
operon,nguyen/8,32,0,6.505,23.127,15
operon,nguyen/8,32,1,5.633,19.258,15
operon,nguyen/8,32,2,5.254,17.265,15
operon,nguyen/8,32,4,6.392,21.146,16
operon,nguyen/8,32,8,8.881,28.782,15
operon,nguyen/8,32,16,9.986,33.294,16
operon,nguyen/8,32,32,9.691,32.364,15
operon,nguyen/8,32,64,8.93,29.822,15
operon,nguyen/8,32,100,9.681,33.826,15
evogp,nguyen/8,32,0,1.715,6.955,7
evogp,nguyen/8,32,1,1.099,4.271,9
evogp,nguyen/8,32,2,1.448,5.199,11
evogp,nguyen/8,32,4,1.806,5.952,11
evogp,nguyen/8,32,8,4.128,13.59,14
evogp,nguyen/8,32,16,5.771,22.879,14
evogp,nguyen/8,32,32,4.7,25.352,10
evogp,nguyen/8,32,64,5.215,26.05,10
evogp,nguyen/8,32,100,4.9,26.062,8
operon,nguyen/9,32,0,6.505,23.193,15
operon,nguyen/9,32,1,5.861,20.86,15
operon,nguyen/9,32,2,6.389,22.962,15
operon,nguyen/9,32,4,7.534,26.983,15
operon,nguyen/9,32,8,8.303,30.66,16
operon,nguyen/9,32,16,7.968,32.491,15
operon,nguyen/9,32,32,7.994,36.861,14
operon,nguyen/9,32,64,8.649,40.651,12
operon,nguyen/9,32,100,8.518,40.7,14
evogp,nguyen/9,32,0,1.715,6.955,7
evogp,nguyen/9,32,1,0.999,4.398,8
evogp,nguyen/9,32,2,0.787,4.185,8
evogp,nguyen/9,32,4,1.016,6.724,9
evogp,nguyen/9,32,8,1.314,12.645,7
evogp,nguyen/9,32,16,1.913,21.603,8
evogp,nguyen/9,32,32,2.115,20.187,8
evogp,nguyen/9,32,64,1.565,26.433,7
evogp,nguyen/9,32,100,0.147,26.822,4
operon,nguyen/10,32,0,6.505,23.193,15
operon,nguyen/10,32,1,5.944,20.985,14
operon,nguyen/10,32,2,5.63,19.588,15
operon,nguyen/10,32,4,6.721,23.516,16
operon,nguyen/10,32,8,8.713,30.867,16
operon,nguyen/10,32,16,8.521,33.269,15
operon,nguyen/10,32,32,8.545,33.76,14
operon,nguyen/10,32,64,8.715,35.605,15
operon,nguyen/10,32,100,7.064,33.413,14
evogp,nguyen/10,32,0,1.715,6.955,7
evogp,nguyen/10,32,1,1.095,4.841,9
evogp,nguyen/10,32,2,0.841,4.62,11
evogp,nguyen/10,32,4,0.816,5.316,7
evogp,nguyen/10,32,8,1.218,10.975,7
evogp,nguyen/10,32,16,2.079,21.915,8
evogp,nguyen/10,32,32,2.863,22.697,9
evogp,nguyen/10,32,64,3.246,26.526,9
evogp,nguyen/10,32,100,2.857,25.798,9
operon,feynman/I.12.1,64,0,12.423,45.431,28
operon,feynman/I.12.1,64,1,9.717,34.598,29
operon,feynman/I.12.1,64,2,8.6,29.716,30
operon,feynman/I.12.1,64,4,11.365,39.35,30
operon,feynman/I.12.1,64,8,11.594,41.094,29
operon,feynman/I.12.1,64,16,9.858,35.951,29
operon,feynman/I.12.1,64,32,14.3,54.272,28
operon,feynman/I.12.1,64,64,13.972,53.612,27
operon,feynman/I.12.1,64,100,14.428,54.579,28
evogp,feynman/I.12.1,64,0,1.715,6.955,7
evogp,feynman/I.12.1,64,1,1.424,5.705,9
evogp,feynman/I.12.1,64,2,1.576,7.138,11
evogp,feynman/I.12.1,64,4,2.023,10.268,10
evogp,feynman/I.12.1,64,8,2.843,18.804,14
evogp,feynman/I.12.1,64,16,4.935,35.612,17
evogp,feynman/I.12.1,64,32,5.067,42.07,16
evogp,feynman/I.12.1,64,64,4.982,43.842,17
evogp,feynman/I.12.1,64,100,7.776,47.803,19
operon,feynman/I.18.12,64,0,12.423,45.431,28
operon,feynman/I.18.12,64,1,10.799,39.125,29
operon,feynman/I.18.12,64,2,9.573,34.181,29
operon,feynman/I.18.12,64,4,8.613,30.256,28
operon,feynman/I.18.12,64,8,12.345,44.396,28
operon,feynman/I.18.12,64,16,16.913,61.944,28
operon,feynman/I.18.12,64,32,17.777,63.54,29
operon,feynman/I.18.12,64,64,21.05,81.234,30
operon,feynman/I.18.12,64,100,22.0,85.084,30
evogp,feynman/I.18.12,64,0,1.715,6.955,7
evogp,feynman/I.18.12,64,1,1.565,5.693,10
evogp,feynman/I.18.12,64,2,1.762,6.179,8
evogp,feynman/I.18.12,64,4,2.456,10.038,11
evogp,feynman/I.18.12,64,8,3.775,20.152,16
evogp,feynman/I.18.12,64,16,5.79,37.212,17
evogp,feynman/I.18.12,64,32,5.431,42.739,14
evogp,feynman/I.18.12,64,64,8.247,56.752,13
evogp,feynman/I.18.12,64,100,6.838,58.228,12
operon,feynman/I.27.6,64,0,12.423,45.431,28
operon,feynman/I.27.6,64,1,9.894,35.236,29
operon,feynman/I.27.6,64,2,8.98,30.985,28
operon,feynman/I.27.6,64,4,12.015,41.324,29
operon,feynman/I.27.6,64,8,18.628,62.701,31
operon,feynman/I.27.6,64,16,22.201,73.934,31
operon,feynman/I.27.6,64,32,22.173,78.305,31
operon,feynman/I.27.6,64,64,22.411,83.023,30
operon,feynman/I.27.6,64,100,23.184,88.339,30
evogp,feynman/I.27.6,64,0,1.715,6.955,7
evogp,feynman/I.27.6,64,1,1.73,6.542,11
evogp,feynman/I.27.6,64,2,1.867,6.772,10
evogp,feynman/I.27.6,64,4,2.03,7.923,10
evogp,feynman/I.27.6,64,8,3.518,16.495,17
evogp,feynman/I.27.6,64,16,6.617,37.222,17
evogp,feynman/I.27.6,64,32,6.224,39.242,16
evogp,feynman/I.27.6,64,64,6.432,40.767,18
evogp,feynman/I.27.6,64,100,4.921,40.019,14
operon,feynman/I.6.2,64,0,12.423,45.431,28
operon,feynman/I.6.2,64,1,10.553,38.065,28
operon,feynman/I.6.2,64,2,8.888,31.079,28
operon,feynman/I.6.2,64,4,8.805,29.985,28
operon,feynman/I.6.2,64,8,14.645,51.718,29
operon,feynman/I.6.2,64,16,19.746,72.497,29
operon,feynman/I.6.2,64,32,20.832,76.998,30
operon,feynman/I.6.2,64,64,19.211,79.826,27
operon,feynman/I.6.2,64,100,18.72,80.735,27
evogp,feynman/I.6.2,64,0,1.715,6.955,7
evogp,feynman/I.6.2,64,1,1.751,6.891,10
evogp,feynman/I.6.2,64,2,2.288,8.169,10
evogp,feynman/I.6.2,64,4,3.151,11.058,15
evogp,feynman/I.6.2,64,8,5.206,19.297,22
evogp,feynman/I.6.2,64,16,10.836,39.207,25
evogp,feynman/I.6.2,64,32,11.562,51.081,20
evogp,feynman/I.6.2,64,64,10.093,52.546,17
evogp,feynman/I.6.2,64,100,10.133,55.314,15
operon,feynman/I.12.2,64,0,12.423,45.431,28
operon,feynman/I.12.2,64,1,10.011,35.756,28
operon,feynman/I.12.2,64,2,9.479,32.982,29
operon,feynman/I.12.2,64,4,10.57,36.336,29
operon,feynman/I.12.2,64,8,16.871,58.2,30
operon,feynman/I.12.2,64,16,18.365,62.624,32
operon,feynman/I.12.2,64,32,21.936,73.433,32
operon,feynman/I.12.2,64,64,21.282,70.277,32
operon,feynman/I.12.2,64,100,18.386,67.719,32
evogp,feynman/I.12.2,64,0,1.715,6.955,7
evogp,feynman/I.12.2,64,1,1.348,5.129,9
evogp,feynman/I.12.2,64,2,1.367,4.762,9
evogp,feynman/I.12.2,64,4,1.983,6.375,12
evogp,feynman/I.12.2,64,8,3.842,15.306,18
evogp,feynman/I.12.2,64,16,6.245,33.845,20
evogp,feynman/I.12.2,64,32,5.893,39.468,18
evogp,feynman/I.12.2,64,64,5.97,40.126,17
evogp,feynman/I.12.2,64,100,5.994,40.285,16
operon,feynman/I.13.12,64,0,12.423,45.431,28
operon,feynman/I.13.12,64,1,10.774,38.933,28
operon,feynman/I.13.12,64,2,9.363,32.951,27
operon,feynman/I.13.12,64,4,10.368,35.477,28
operon,feynman/I.13.12,64,8,14.989,50.688,29
operon,feynman/I.13.12,64,16,19.636,66.873,30
operon,feynman/I.13.12,64,32,20.839,69.12,30
operon,feynman/I.13.12,64,64,21.775,71.775,29
operon,feynman/I.13.12,64,100,20.134,70.226,29
evogp,feynman/I.13.12,64,0,1.715,6.955,7
evogp,feynman/I.13.12,64,1,1.784,6.582,10
evogp,feynman/I.13.12,64,2,2.264,8.152,10
evogp,feynman/I.13.12,64,4,2.891,11.205,14
evogp,feynman/I.13.12,64,8,5.071,22.13,20
evogp,feynman/I.13.12,64,16,8.455,39.794,23
evogp,feynman/I.13.12,64,32,10.083,45.975,20
evogp,feynman/I.13.12,64,64,9.345,47.908,19
evogp,feynman/I.13.12,64,100,7.858,46.569,19
operon,feynman/II.3.24,64,0,12.423,45.431,28
operon,feynman/II.3.24,64,1,9.936,35.612,28
operon,feynman/II.3.24,64,2,9.04,31.473,27
operon,feynman/II.3.24,64,4,11.698,39.718,28
operon,feynman/II.3.24,64,8,15.822,56.429,30
operon,feynman/II.3.24,64,16,17.732,62.812,30
operon,feynman/II.3.24,64,32,17.898,63.02,31
operon,feynman/II.3.24,64,64,17.917,63.255,32
operon,feynman/II.3.24,64,100,17.489,63.002,31
evogp,feynman/II.3.24,64,0,1.715,6.955,7
evogp,feynman/II.3.24,64,1,1.718,6.468,9
evogp,feynman/II.3.24,64,2,1.656,5.918,10
evogp,feynman/II.3.24,64,4,1.884,7.618,10
evogp,feynman/II.3.24,64,8,3.655,18.31,17
evogp,feynman/II.3.24,64,16,9.232,46.01,18
evogp,feynman/II.3.24,64,32,9.761,48.742,19
evogp,feynman/II.3.24,64,64,9.559,47.867,21
evogp,feynman/II.3.24,64,100,9.297,47.288,18
operon,nguyen/1,64,0,12.423,45.392,28
operon,nguyen/1,64,1,10.176,36.703,28
operon,nguyen/1,64,2,9.833,34.718,28
operon,nguyen/1,64,4,12.656,44.464,28
operon,nguyen/1,64,8,15.056,53.015,28
operon,nguyen/1,64,16,17.541,66.312,27
operon,nguyen/1,64,32,14.751,64.631,24
operon,nguyen/1,64,64,12.695,64.642,22
operon,nguyen/1,64,100,10.596,59.507,24
evogp,nguyen/1,64,0,1.715,6.955,7
evogp,nguyen/1,64,1,1.145,5.512,8
evogp,nguyen/1,64,2,0.783,4.505,7
evogp,nguyen/1,64,4,0.994,7.054,9
evogp,nguyen/1,64,8,1.784,14.891,13
evogp,nguyen/1,64,16,4.182,35.985,14
evogp,nguyen/1,64,32,6.871,40.026,18
evogp,nguyen/1,64,64,5.038,41.951,16
evogp,nguyen/1,64,100,6.136,51.379,13
operon,nguyen/2,64,0,12.423,45.392,28
operon,nguyen/2,64,1,10.186,36.814,28
operon,nguyen/2,64,2,10.701,38.139,29
operon,nguyen/2,64,4,14.224,50.411,29
operon,nguyen/2,64,8,18.285,63.908,29
operon,nguyen/2,64,16,19.026,63.669,28
operon,nguyen/2,64,32,19.433,65.59,29
operon,nguyen/2,64,64,20.744,72.048,28
operon,nguyen/2,64,100,21.863,76.207,28
evogp,nguyen/2,64,0,1.715,6.955,7
evogp,nguyen/2,64,1,1.067,5.183,10
evogp,nguyen/2,64,2,0.906,5.186,9
evogp,nguyen/2,64,4,1.476,9.498,9
evogp,nguyen/2,64,8,1.668,15.052,12
evogp,nguyen/2,64,16,2.826,31.913,12
evogp,nguyen/2,64,32,3.666,41.199,14
evogp,nguyen/2,64,64,3.65,42.849,12
evogp,nguyen/2,64,100,3.867,44.738,12
operon,nguyen/3,64,0,12.423,45.392,28
operon,nguyen/3,64,1,10.195,36.81,28
operon,nguyen/3,64,2,10.514,37.317,29
operon,nguyen/3,64,4,14.34,50.221,29
operon,nguyen/3,64,8,16.949,58.504,29
operon,nguyen/3,64,16,19.983,65.797,29
operon,nguyen/3,64,32,21.011,68.662,30
operon,nguyen/3,64,64,20.436,70.626,30
operon,nguyen/3,64,100,20.334,71.718,29
evogp,nguyen/3,64,0,1.715,6.955,7
evogp,nguyen/3,64,1,1.11,5.394,9
evogp,nguyen/3,64,2,0.961,5.364,9
evogp,nguyen/3,64,4,1.359,9.121,12
evogp,nguyen/3,64,8,1.727,16.799,10
evogp,nguyen/3,64,16,3.611,32.459,13
evogp,nguyen/3,64,32,4.806,41.401,14
evogp,nguyen/3,64,64,5.699,44.593,14
evogp,nguyen/3,64,100,8.337,49.307,15
operon,nguyen/4,64,0,12.423,45.392,28
operon,nguyen/4,64,1,10.233,36.995,28
operon,nguyen/4,64,2,10.792,38.6,29
operon,nguyen/4,64,4,14.899,53.125,29
operon,nguyen/4,64,8,18.027,61.643,29
operon,nguyen/4,64,16,19.451,64.363,30
operon,nguyen/4,64,32,20.294,64.709,29
operon,nguyen/4,64,64,20.267,65.761,30
operon,nguyen/4,64,100,21.375,70.781,30
evogp,nguyen/4,64,0,1.715,6.955,7
evogp,nguyen/4,64,1,1.081,5.359,8
evogp,nguyen/4,64,2,1.094,6.2,9
evogp,nguyen/4,64,4,1.782,10.767,10
evogp,nguyen/4,64,8,2.869,20.07,15
evogp,nguyen/4,64,16,5.176,38.83,18
evogp,nguyen/4,64,32,5.923,44.226,15
evogp,nguyen/4,64,64,7.074,56.178,11
evogp,nguyen/4,64,100,7.989,54.815,12
operon,nguyen/5,64,0,12.423,45.392,28
operon,nguyen/5,64,1,11.445,42.415,28
operon,nguyen/5,64,2,9.987,37.388,29
operon,nguyen/5,64,4,8.752,34.134,27
operon,nguyen/5,64,8,10.642,43.831,27
operon,nguyen/5,64,16,15.021,63.515,25
operon,nguyen/5,64,32,15.035,71.435,24
operon,nguyen/5,64,64,16.748,78.802,26
operon,nguyen/5,64,100,15.979,80.747,24
evogp,nguyen/5,64,0,1.715,6.955,7
evogp,nguyen/5,64,1,1.607,6.399,8
evogp,nguyen/5,64,2,1.995,7.168,10
evogp,nguyen/5,64,4,2.331,7.631,12
evogp,nguyen/5,64,8,3.195,10.796,20
evogp,nguyen/5,64,16,8.781,35.667,24
evogp,nguyen/5,64,32,6.635,43.691,17
evogp,nguyen/5,64,64,2.75,47.501,8
evogp,nguyen/5,64,100,4.388,50.349,9
operon,nguyen/6,64,0,12.423,45.392,28
operon,nguyen/6,64,1,10.001,36.111,28
operon,nguyen/6,64,2,8.793,31.105,26
operon,nguyen/6,64,4,10.87,38.389,27
operon,nguyen/6,64,8,16.053,55.782,29
operon,nguyen/6,64,16,16.674,57.279,28
operon,nguyen/6,64,32,17.142,63.069,26
operon,nguyen/6,64,64,17.602,69.097,26
operon,nguyen/6,64,100,17.517,67.757,28
evogp,nguyen/6,64,0,1.715,6.955,7
evogp,nguyen/6,64,1,1.148,5.437,7
evogp,nguyen/6,64,2,0.626,3.85,6
evogp,nguyen/6,64,4,0.884,6.641,6
evogp,nguyen/6,64,8,1.557,12.955,10
evogp,nguyen/6,64,16,4.216,34.882,14
evogp,nguyen/6,64,32,5.853,46.319,14
evogp,nguyen/6,64,64,5.554,51.241,13
evogp,nguyen/6,64,100,7.26,56.9,13
operon,nguyen/7,64,0,12.423,45.392,28
operon,nguyen/7,64,1,9.536,34.277,28
operon,nguyen/7,64,2,7.242,25.128,28
operon,nguyen/7,64,4,6.159,20.642,27
operon,nguyen/7,64,8,10.48,37.573,28
operon,nguyen/7,64,16,17.855,65.085,28
operon,nguyen/7,64,32,18.793,70.143,28
operon,nguyen/7,64,64,17.881,68.929,26
operon,nguyen/7,64,100,17.406,70.746,25
evogp,nguyen/7,64,0,1.715,6.955,7
evogp,nguyen/7,64,1,1.141,4.893,9
evogp,nguyen/7,64,2,0.632,3.374,8
evogp,nguyen/7,64,4,0.878,4.646,9
evogp,nguyen/7,64,8,1.988,11.142,14
evogp,nguyen/7,64,16,6.563,35.912,20
evogp,nguyen/7,64,32,8.77,51.354,15
evogp,nguyen/7,64,64,6.056,53.825,12
evogp,nguyen/7,64,100,6.213,54.844,10
operon,nguyen/8,64,0,12.423,45.392,28
operon,nguyen/8,64,1,9.812,35.31,28
operon,nguyen/8,64,2,7.553,25.995,28
operon,nguyen/8,64,4,7.888,26.268,28
operon,nguyen/8,64,8,13.445,43.999,30
operon,nguyen/8,64,16,21.459,70.861,31
operon,nguyen/8,64,32,21.638,74.146,31
operon,nguyen/8,64,64,22.806,81.495,31
operon,nguyen/8,64,100,23.003,82.489,30
evogp,nguyen/8,64,0,1.715,6.955,7
evogp,nguyen/8,64,1,1.099,4.271,9
evogp,nguyen/8,64,2,1.448,5.199,11
evogp,nguyen/8,64,4,1.815,5.978,15
evogp,nguyen/8,64,8,4.585,15.035,23
evogp,nguyen/8,64,16,9.758,39.512,23
evogp,nguyen/8,64,32,13.069,51.016,21
evogp,nguyen/8,64,64,12.803,54.285,18
evogp,nguyen/8,64,100,9.91,55.084,15
operon,nguyen/9,64,0,12.423,45.431,28
operon,nguyen/9,64,1,9.774,35.411,28
operon,nguyen/9,64,2,10.039,36.514,27
operon,nguyen/9,64,4,12.669,46.288,27
operon,nguyen/9,64,8,16.264,60.142,28
operon,nguyen/9,64,16,17.686,64.755,29
operon,nguyen/9,64,32,17.479,66.918,28
operon,nguyen/9,64,64,16.479,72.155,26
operon,nguyen/9,64,100,15.843,70.461,24
evogp,nguyen/9,64,0,1.715,6.955,7
evogp,nguyen/9,64,1,0.999,4.398,8
evogp,nguyen/9,64,2,0.787,4.185,8
evogp,nguyen/9,64,4,1.017,6.73,12
evogp,nguyen/9,64,8,1.49,13.527,10
evogp,nguyen/9,64,16,3.312,34.181,13
evogp,nguyen/9,64,32,5.198,39.628,14
evogp,nguyen/9,64,64,5.752,41.443,15
evogp,nguyen/9,64,100,7.287,53.787,14
operon,nguyen/10,64,0,12.423,45.431,28
operon,nguyen/10,64,1,9.922,35.756,28
operon,nguyen/10,64,2,9.047,32.028,28
operon,nguyen/10,64,4,10.086,35.133,28
operon,nguyen/10,64,8,15.344,53.608,29
operon,nguyen/10,64,16,16.137,63.261,28
operon,nguyen/10,64,32,14.598,60.63,26
operon,nguyen/10,64,64,13.934,68.022,26
operon,nguyen/10,64,100,13.489,66.413,23
evogp,nguyen/10,64,0,1.715,6.955,7
evogp,nguyen/10,64,1,1.095,4.841,9
evogp,nguyen/10,64,2,0.841,4.62,11
evogp,nguyen/10,64,4,0.824,5.341,6
evogp,nguyen/10,64,8,1.345,11.557,11
evogp,nguyen/10,64,16,3.243,34.72,12
evogp,nguyen/10,64,32,5.462,47.073,13
evogp,nguyen/10,64,64,5.155,51.383,12
evogp,nguyen/10,64,100,6.068,54.334,12
