status,variant,preset,M,N,throughput_tps,throughput_e2e_tps,points_per_s,loop_ms,total_ms,med_loss_fp64,K_max,n_dropped,frac_converged,frac_failed,skip_reason,est_footprint_gb
ok,ad,early-gen,1000,100,34335.2,2885.0,3433523,25.921,308.497,0.0242528,11,110,0.775,0.012,,
ok,ad,early-gen,1000,1000,10408.0,2341.3,10408028,85.127,378.425,0.187215,13,114,0.774,0.018,,
ok,ad,early-gen,1000,10000,1194.6,813.6,11945729,724.108,1063.221,1.82568,10,135,0.769,0.016,,
ok,ad,early-gen,4000,100,100694.7,10804.8,10069470,35.613,331.889,0.0218995,11,414,0.778,0.018,,
ok,ad,early-gen,4000,1000,30481.7,8326.6,30481702,116.890,427.908,0.181586,13,437,0.803,0.013,,
ok,ad,early-gen,4000,10000,3485.5,2533.1,34854700,1029.130,1416.057,1.99616,12,413,0.802,0.016,,
ok,ad,early-gen,16000,100,154277.2,35768.2,15427718,92.373,398.427,0.019583,13,1749,0.789,0.015,,
ok,ad,early-gen,16000,1000,51655.4,23495.6,51655384,276.622,608.155,0.179563,13,1711,0.795,0.015,,
ok,ad,early-gen,16000,10000,5740.7,4610.8,57406970,2487.851,3097.494,2.04,12,1718,0.797,0.016,,
ok,ad,early-gen,64000,100,220315.4,96869.4,22031542,258.897,588.824,0.0201135,13,6961,0.789,0.015,,
ok,ad,early-gen,64000,1000,69429.9,46245.9,69429889,820.151,1231.308,0.191428,13,7057,0.792,0.015,,
ok,ad,early-gen,256000,100,326568.4,209885.4,32656837,698.175,1086.317,0.0201559,13,27998,0.789,0.015,,
ok,ad,early-gen,256000,1000,67780.0,54841.5,67780003,3365.948,4160.057,0.195404,14,27856,0.790,0.015,,
ok,ad,inner-const-heavy,1000,100,33361.2,3045.3,3336119,29.675,325.087,0.764569,13,10,0.673,0.061,,
ok,ad,inner-const-heavy,1000,1000,9569.9,2467.9,9569944,103.135,399.931,11.312,13,13,0.645,0.060,,
ok,ad,inner-const-heavy,1000,10000,1052.2,774.8,10521844,938.048,1273.913,37.3233,12,13,0.668,0.063,,
ok,ad,inner-const-heavy,4000,100,61148.9,10933.2,6114888,64.645,361.560,0.546392,13,47,0.674,0.053,,
ok,ad,inner-const-heavy,4000,1000,18496.3,7408.9,18496327,214.042,534.354,4.92687,13,41,0.671,0.057,,
ok,ad,inner-const-heavy,4000,10000,2112.9,1675.0,21128930,1875.627,2365.963,42.2612,12,37,0.676,0.052,,
ok,ad,inner-const-heavy,16000,100,109398.7,35271.9,10939871,144.956,449.594,0.53363,13,142,0.671,0.053,,
ok,ad,inner-const-heavy,16000,1000,23600.3,15502.5,23600251,671.349,1022.032,4.90455,13,156,0.667,0.054,,
ok,ad,inner-const-heavy,16000,10000,2335.6,2141.6,23355750,6782.056,7396.341,57.126,13,160,0.674,0.058,,
ok,ad,inner-const-heavy,64000,100,131922.4,77055.8,13192240,480.411,822.482,0.451851,13,623,0.672,0.052,,
ok,ad,inner-const-heavy,64000,1000,25893.8,21195.1,25893819,2449.465,2992.478,5.13184,13,574,0.668,0.053,,
ok,ad,inner-const-heavy,256000,100,178167.8,139735.1,17816784,1423.405,1814.899,0.426124,13,2395,0.670,0.055,,
ok,ad,inner-const-heavy,256000,1000,24408.9,21910.4,24408873,10381.921,11565.793,5.05912,13,2589,0.667,0.052,,
ok,ad,late-gen-bloated,1000,100,34471.7,2252.9,3447172,20.306,310.706,0.318286,7,300,0.621,0.057,,
ok,ad,late-gen-bloated,1000,1000,12012.0,2004.2,12012002,58.358,349.764,4.95091,6,299,0.619,0.051,,
ok,ad,late-gen-bloated,1000,10000,1438.6,856.3,14385704,484.509,813.960,43.1473,7,303,0.631,0.043,,
ok,ad,late-gen-bloated,4000,100,103025.5,8552.7,10302553,26.673,321.300,0.320421,7,1252,0.609,0.057,,
ok,ad,late-gen-bloated,4000,1000,31843.9,6992.1,31843944,87.866,400.167,4.31582,8,1202,0.623,0.053,,
ok,ad,late-gen-bloated,4000,10000,3799.6,2475.3,37996491,731.910,1123.492,43.9769,7,1219,0.615,0.057,,
ok,ad,late-gen-bloated,16000,100,178414.7,27757.4,17841470,62.097,399.137,0.321513,7,4921,0.619,0.053,,
ok,ad,late-gen-bloated,16000,1000,46179.0,19913.3,46179037,239.892,556.312,3.90357,8,4922,0.615,0.052,,
ok,ad,late-gen-bloated,16000,10000,4882.9,3770.8,48828768,2254.204,2918.984,42.3499,7,4993,0.604,0.058,,
ok,ad,late-gen-bloated,64000,100,216659.6,80787.5,21665958,204.044,547.213,0.32609,7,19792,0.616,0.054,,
ok,ad,late-gen-bloated,64000,1000,54873.5,35925.3,54873455,809.827,1236.954,3.76304,8,19562,0.619,0.053,,
ok,ad,late-gen-bloated,64000,10000,5435.6,4489.7,54356379,8164.635,9884.879,40.561,8,19620,0.613,0.054,,
ok,ad,late-gen-bloated,256000,100,241319.4,149304.8,24131939,735.092,1188.120,0.326592,8,78608,0.619,0.054,,
ok,ad,late-gen-bloated,256000,1000,52961.6,42624.2,52961622,3348.689,4160.834,3.79065,8,78648,0.616,0.054,,
ok,fusedfd,early-gen,1000,100,26367.7,2716.0,2636771,33.753,327.684,0.0233662,11,110,0.810,0.021,,
ok,fusedfd,early-gen,1000,1000,5503.5,1218.8,5503458,160.990,726.973,0.188492,13,114,0.795,0.024,,
ok,fusedfd,early-gen,1000,10000,621.7,495.1,6216866,1391.376,1747.086,1.81158,10,135,0.771,0.025,,
ok,fusedfd,early-gen,4000,100,81424.9,10836.7,8142487,44.041,330.913,0.0219956,11,414,0.801,0.024,,
ok,fusedfd,early-gen,4000,1000,19089.8,7510.0,19089786,185.701,472.035,0.181176,13,455,0.804,0.020,,
ok,fusedfd,early-gen,4000,10000,1929.1,1596.2,19291141,1855.774,2242.881,2.00425,12,420,0.806,0.031,,
ok,fusedfd,early-gen,16000,100,180629.4,39296.8,18062935,78.763,362.039,0.0195106,13,1773,0.801,0.022,,
ok,fusedfd,early-gen,16000,1000,38710.8,20250.3,38710810,369.122,705.619,0.181216,13,1711,0.808,0.021,,
ok,fusedfd,early-gen,16000,10000,2997.3,2575.1,29972646,4728.311,5503.533,2.03928,12,1828,0.799,0.025,,
ok,fusedfd,early-gen,64000,100,196236.1,90178.7,19623608,289.671,630.348,0.0201366,13,7156,0.801,0.022,,
ok,fusedfd,early-gen,64000,1000,49664.4,36075.1,49664433,1145.911,1577.570,0.193631,13,7089,0.800,0.021,,
ok,fusedfd,early-gen,256000,100,275093.8,180512.8,27509377,827.845,1261.600,0.0202114,13,28265,0.803,0.022,,
ok,fusedfd,early-gen,256000,1000,58882.2,49301.3,58882176,3874.585,4627.545,0.196701,14,27856,0.805,0.021,,
ok,fusedfd,inner-const-heavy,1000,100,24887.6,2917.5,2488763,39.779,339.328,0.669247,13,10,0.735,0.066,,
ok,fusedfd,inner-const-heavy,1000,1000,5200.4,2038.7,5200422,189.792,484.124,9.83977,13,13,0.727,0.081,,
ok,fusedfd,inner-const-heavy,1000,10000,534.8,454.7,5348266,1845.458,2170.608,35.7073,12,13,0.706,0.098,,
ok,fusedfd,inner-const-heavy,4000,100,63059.2,10991.4,6305924,62.719,359.825,0.542136,13,45,0.721,0.078,,
ok,fusedfd,inner-const-heavy,4000,1000,13937.3,6718.6,13937272,284.417,590.007,5.02004,13,36,0.748,0.078,,
ok,fusedfd,inner-const-heavy,4000,10000,1536.3,1313.0,15362505,2579.657,3018.252,41.5564,12,37,0.732,0.086,,
ok,fusedfd,inner-const-heavy,16000,100,93978.7,33699.0,9397867,168.581,470.132,0.541647,13,157,0.719,0.084,,
ok,fusedfd,inner-const-heavy,16000,1000,18217.2,12907.1,18217241,870.000,1227.929,5.05446,13,151,0.747,0.078,,
ok,fusedfd,inner-const-heavy,16000,10000,1956.2,1812.7,19561532,8097.525,8738.517,56.5146,13,160,0.726,0.101,,
ok,fusedfd,inner-const-heavy,64000,100,137864.2,82622.5,13786417,459.924,767.430,0.482254,13,593,0.725,0.084,,
ok,fusedfd,inner-const-heavy,64000,1000,20467.2,17311.7,20467189,3098.911,3663.760,5.48077,13,574,0.742,0.078,,
ok,fusedfd,inner-const-heavy,256000,100,143267.6,117203.9,14326765,1770.148,2163.794,0.452477,13,2395,0.724,0.084,,
ok,fusedfd,inner-const-heavy,256000,1000,21296.6,19918.4,21296606,11907.719,12731.667,5.40267,13,2406,0.741,0.078,,
ok,fusedfd,late-gen-bloated,1000,100,29563.8,2088.6,2956381,23.678,335.146,0.318286,7,300,0.624,0.058,,
ok,fusedfd,late-gen-bloated,1000,1000,8057.6,1742.5,8057626,86.502,399.992,4.95091,6,303,0.616,0.051,,
ok,fusedfd,late-gen-bloated,1000,10000,740.3,538.4,7402945,941.517,1294.550,43.0195,7,303,0.633,0.040,,
ok,fusedfd,late-gen-bloated,4000,100,99904.4,8227.3,9990439,27.506,334.008,0.320421,7,1252,0.614,0.057,,
ok,fusedfd,late-gen-bloated,4000,1000,22896.6,6391.8,22896598,120.586,431.961,4.32165,8,1239,0.620,0.051,,
ok,fusedfd,late-gen-bloated,4000,10000,2406.4,1746.0,24063612,1138.233,1568.750,43.5591,7,1261,0.616,0.045,,
ok,fusedfd,late-gen-bloated,16000,100,181815.5,29553.9,18181550,60.990,375.213,0.321513,7,4911,0.626,0.054,,
ok,fusedfd,late-gen-bloated,16000,1000,38951.6,18025.4,38951586,284.815,615.464,3.92033,8,4906,0.626,0.052,,
ok,fusedfd,late-gen-bloated,16000,10000,4128.0,3416.4,41280375,2666.400,3221.853,41.8674,7,4993,0.607,0.057,,
ok,fusedfd,late-gen-bloated,64000,100,265946.0,94215.0,26594595,167.038,471.507,0.325553,7,19577,0.628,0.053,,
ok,fusedfd,late-gen-bloated,64000,1000,46820.3,29753.9,46820277,949.119,1493.519,3.74739,8,19562,0.625,0.052,,
ok,fusedfd,late-gen-bloated,64000,10000,5227.7,4356.6,52276978,8467.398,10160.432,40.2693,8,19735,0.614,0.053,,
ok,fusedfd,late-gen-bloated,256000,100,297139.8,182079.9,29713982,596.998,974.254,0.325688,8,78608,0.627,0.053,,
ok,fusedfd,late-gen-bloated,256000,1000,52491.0,42234.9,52490995,3379.323,4199.937,3.77643,8,78616,0.621,0.053,,
ok,revad,early-gen,1000,100,39578.6,2937.8,3957860,22.487,302.953,0.0242528,11,110,0.785,0.012,,
ok,revad,early-gen,1000,1000,13821.2,2545.0,13821183,64.105,348.130,0.192297,13,114,0.771,0.017,,
ok,revad,early-gen,1000,10000,1624.4,1021.8,16243768,532.512,846.554,1.82568,10,135,0.772,0.016,,
ok,revad,early-gen,4000,100,121290.1,11473.6,12129014,29.442,311.237,0.0217685,11,429,0.791,0.015,,
ok,revad,early-gen,4000,1000,36999.1,9225.2,36999116,95.813,384.275,0.183006,13,455,0.786,0.016,,
ok,revad,early-gen,4000,10000,4180.7,2777.7,41806549,837.668,1260.740,2.00425,12,498,0.779,0.019,,
ok,revad,early-gen,16000,100,216530.4,39901.0,21653040,65.704,356.558,0.0195169,13,1773,0.790,0.015,,
ok,revad,early-gen,16000,1000,61731.2,25833.2,61731188,229.819,549.178,0.179563,13,1813,0.785,0.015,,
ok,revad,early-gen,16000,10000,6831.4,5294.2,68314163,2090.635,2697.688,2.04,12,1718,0.796,0.017,,
ok,revad,early-gen,64000,100,318209.3,109137.1,31820933,178.923,521.683,0.0201067,13,7065,0.787,0.015,,
ok,revad,early-gen,64000,1000,77110.7,48311.0,77110683,738.043,1178.014,0.191408,13,7089,0.783,0.016,,
ok,revad,early-gen,256000,100,361333.6,214733.4,36133365,631.001,1061.791,0.0201705,13,27998,0.788,0.015,,
ok,revad,early-gen,256000,1000,77326.5,60081.4,77326538,2950.436,3797.297,0.195371,14,27853,0.790,0.015,,
ok,revad,inner-const-heavy,1000,100,36845.4,3087.6,3684544,26.869,320.642,0.694722,13,10,0.660,0.064,,
ok,revad,inner-const-heavy,1000,1000,12281.7,2670.8,12281695,80.364,369.557,11.312,13,13,0.629,0.068,,
ok,revad,inner-const-heavy,1000,10000,1367.1,928.1,13671339,721.948,1063.424,39.7326,12,13,0.660,0.058,,
ok,revad,inner-const-heavy,4000,100,67276.8,11267.2,6727678,58.787,351.020,0.548429,13,45,0.669,0.053,,
ok,revad,inner-const-heavy,4000,1000,23367.0,8233.7,23367013,169.213,480.223,4.84405,13,46,0.665,0.049,,
ok,revad,inner-const-heavy,4000,10000,2782.0,2127.1,27819976,1422.000,1859.770,41.0101,12,44,0.668,0.048,,
ok,revad,inner-const-heavy,16000,100,156633.1,40698.5,15663311,101.147,389.277,0.533887,13,157,0.667,0.055,,
ok,revad,inner-const-heavy,16000,1000,33430.7,19352.3,33430688,473.936,818.716,4.90464,13,156,0.662,0.055,,
ok,revad,inner-const-heavy,16000,10000,3467.5,3040.7,34674795,4568.160,5209.285,56.0361,13,160,0.673,0.055,,
ok,revad,inner-const-heavy,64000,100,150333.1,83323.5,15033306,421.544,760.554,0.451851,13,628,0.668,0.054,,
ok,revad,inner-const-heavy,64000,1000,36510.2,27267.6,36510154,1735.188,2323.345,5.11494,13,648,0.666,0.053,,
ok,revad,inner-const-heavy,256000,100,212465.7,158347.2,21246568,1193.628,1601.576,0.425166,13,2395,0.671,0.055,,
ok,revad,inner-const-heavy,256000,1000,35875.2,30232.5,35875191,7063.684,8382.068,5.08906,13,2589,0.668,0.052,,
ok,revad,late-gen-bloated,1000,100,34867.2,2192.9,3486716,20.076,319.214,0.318015,7,300,0.620,0.056,,
ok,revad,late-gen-bloated,1000,1000,12319.4,1983.4,12319426,56.902,353.425,4.95091,6,299,0.616,0.052,,
ok,revad,late-gen-bloated,1000,10000,1487.3,863.6,14872804,468.641,807.047,43.0195,7,303,0.628,0.043,,
ok,revad,late-gen-bloated,4000,100,95887.8,8298.7,9588778,28.659,331.136,0.319911,7,1252,0.610,0.056,,
ok,revad,late-gen-bloated,4000,1000,28116.0,6855.5,28115997,99.516,408.142,4.31582,8,1202,0.624,0.052,,
ok,revad,late-gen-bloated,4000,10000,3284.3,1996.6,32843414,846.745,1392.854,43.8139,7,1219,0.617,0.056,,
ok,revad,late-gen-bloated,16000,100,153609.2,29192.5,15360917,72.125,379.516,0.320911,7,4921,0.619,0.052,,
ok,revad,late-gen-bloated,16000,1000,41586.1,17934.1,41586113,266.387,617.707,3.88985,8,4922,0.615,0.052,,
ok,revad,late-gen-bloated,16000,10000,4679.5,3685.3,46795330,2352.158,2986.722,41.9877,7,4993,0.606,0.057,,
ok,revad,late-gen-bloated,64000,100,265154.8,92127.6,26515484,167.585,482.331,0.325001,7,19564,0.622,0.051,,
ok,revad,late-gen-bloated,64000,1000,50887.1,32724.5,50887093,872.264,1356.386,3.73805,8,19613,0.616,0.053,,
ok,revad,late-gen-bloated,64000,10000,5158.6,4346.0,51586390,8567.570,10169.505,40.3114,8,19803,0.613,0.052,,
ok,revad,late-gen-bloated,256000,100,231939.7,150521.8,23193965,764.432,1177.916,0.32507,8,78698,0.620,0.053,,
ok,revad,late-gen-bloated,256000,1000,50179.7,39016.2,50179730,3534.973,4546.420,3.76912,8,78616,0.616,0.053,,
skipped,ad,early-gen,64000,10000,,,,,,,13,,,,memory_ceiling,40.59140761196613
skipped,ad,early-gen,64000,10000,,,,,,,13,,,,memory_ceiling,40.59140761196613
skipped,ad,early-gen,256000,10000,,,,,,,12,,,,memory_ceiling,152.8021622300148
skipped,ad,early-gen,256000,10000,,,,,,,12,,,,memory_ceiling,152.8021622300148
skipped,ad,early-gen,256000,10000,,,,,,,12,,,,memory_ceiling,152.8021622300148
skipped,ad,inner-const-heavy,64000,10000,,,,,,,13,,,,memory_ceiling,40.602515891194344
skipped,ad,inner-const-heavy,64000,10000,,,,,,,13,,,,memory_ceiling,40.602515891194344
skipped,ad,inner-const-heavy,64000,10000,,,,,,,13,,,,memory_ceiling,40.602515891194344
skipped,ad,inner-const-heavy,256000,10000,,,,,,,13,,,,memory_ceiling,162.40995180606842
skipped,ad,inner-const-heavy,256000,10000,,,,,,,13,,,,memory_ceiling,162.40995180606842
skipped,ad,inner-const-heavy,256000,10000,,,,,,,13,,,,memory_ceiling,162.40995180606842
skipped,ad,late-gen-bloated,256000,10000,,,,,,,7,,,,memory_ceiling,105.05386173725128
skipped,ad,late-gen-bloated,256000,10000,,,,,,,7,,,,memory_ceiling,105.05386173725128
skipped,ad,late-gen-bloated,256000,10000,,,,,,,7,,,,memory_ceiling,105.05386173725128
skipped,fusedfd,early-gen,64000,10000,,,,,,,13,,,,memory_ceiling,40.59140761196613
skipped,fusedfd,early-gen,64000,10000,,,,,,,13,,,,memory_ceiling,40.59140761196613
skipped,fusedfd,early-gen,256000,10000,,,,,,,12,,,,memory_ceiling,152.8021622300148
skipped,fusedfd,early-gen,256000,10000,,,,,,,12,,,,memory_ceiling,152.8021622300148
skipped,fusedfd,early-gen,256000,10000,,,,,,,12,,,,memory_ceiling,152.8021622300148
skipped,fusedfd,inner-const-heavy,64000,10000,,,,,,,13,,,,memory_ceiling,40.602515891194344
skipped,fusedfd,inner-const-heavy,64000,10000,,,,,,,13,,,,memory_ceiling,40.602515891194344
skipped,fusedfd,inner-const-heavy,64000,10000,,,,,,,13,,,,memory_ceiling,40.602515891194344
skipped,fusedfd,inner-const-heavy,256000,10000,,,,,,,13,,,,memory_ceiling,162.40995180606842
skipped,fusedfd,inner-const-heavy,256000,10000,,,,,,,13,,,,memory_ceiling,162.40995180606842
skipped,fusedfd,inner-const-heavy,256000,10000,,,,,,,13,,,,memory_ceiling,162.40995180606842
skipped,fusedfd,late-gen-bloated,256000,10000,,,,,,,7,,,,memory_ceiling,105.05386173725128
skipped,fusedfd,late-gen-bloated,256000,10000,,,,,,,7,,,,memory_ceiling,105.05386173725128
skipped,fusedfd,late-gen-bloated,256000,10000,,,,,,,7,,,,memory_ceiling,105.05386173725128
skipped,revad,early-gen,64000,10000,,,,,,,13,,,,memory_ceiling,40.59140761196613
skipped,revad,early-gen,64000,10000,,,,,,,13,,,,memory_ceiling,40.59140761196613
skipped,revad,early-gen,256000,10000,,,,,,,12,,,,memory_ceiling,152.8021622300148
skipped,revad,early-gen,256000,10000,,,,,,,12,,,,memory_ceiling,152.8021622300148
skipped,revad,early-gen,256000,10000,,,,,,,12,,,,memory_ceiling,152.8021622300148
skipped,revad,inner-const-heavy,64000,10000,,,,,,,13,,,,memory_ceiling,40.602515891194344
skipped,revad,inner-const-heavy,64000,10000,,,,,,,13,,,,memory_ceiling,40.602515891194344
skipped,revad,inner-const-heavy,64000,10000,,,,,,,13,,,,memory_ceiling,40.602515891194344
skipped,revad,inner-const-heavy,256000,10000,,,,,,,13,,,,memory_ceiling,162.40995180606842
skipped,revad,inner-const-heavy,256000,10000,,,,,,,13,,,,memory_ceiling,162.40995180606842
skipped,revad,inner-const-heavy,256000,10000,,,,,,,13,,,,memory_ceiling,162.40995180606842
skipped,revad,late-gen-bloated,256000,10000,,,,,,,7,,,,memory_ceiling,105.05386173725128
skipped,revad,late-gen-bloated,256000,10000,,,,,,,7,,,,memory_ceiling,105.05386173725128
skipped,revad,late-gen-bloated,256000,10000,,,,,,,7,,,,memory_ceiling,105.05386173725128
